target_list,x,y,speed
0,8.799999999999999,-3.448605386398946e-14,0.9999996721893178
