target_list,x,y,speed
0,-2.9636086861778184,6.094780240459415,1.0000000845600747
1,-5.2371587457578705,4.359579445316785,1.0054756801327218
51,2.7991073478468604,7.286231553868224,1.1517041157122432
101,2.1058523309106376,-8.42473842035877,1.2813203443881829
