target_list,x,y,speed
0,-4.084887439939569,-6.304478922080864,1.0000001976853674
1,-1.4430039277831441,-7.40639380193444,1.0044566474944
51,-5.615617434974257,6.315558629553581,1.1249741715797035
