target_list,x,y,speed
0,2.594493720353901,-5.356742803293858,1.0000006070221306
1,4.821384155266007,-3.561734409429884,1.0071098701317778
51,6.031203715670805,-3.748775924746515,1.1930639676884705
101,-4.761135920375519,-6.499955215757348,1.353627977285292
