target_list,x,y,speed
0,4.420274064106242,2.320428674330837,1.0000002581943341
1,2.459138029178073,4.402679641039535,1.0101318059933715
51,-6.306921987892323,0.39820727611146517,1.265768822712996
101,-6.316602463215568,3.811518040087952,1.4776434937627232
151,6.912700073867572,4.596438321313104,1.6626660506362192
