target_list,x,y,speed
0,5.799209029694614,-5.771092341459052,0.9999993416193412
1,7.457845170886129,-3.438105616462699,1.0037543239486586
